{
  "project_info": {
    "project_number": "475884812831",
    "firebase_url": "https://dating-app-70b02.firebaseio.com",
    "project_id": "dating-app-70b02",
    "storage_bucket": "dating-app-70b02.appspot.com"
  },
  "client": [
    {
      "client_info": {
        "mobilesdk_app_id": "1:475884812831:android:5f537cc9f79609d7f6f32a",
        "android_client_info": {
          "package_name": "com.example.datingapp"
        }
      },
      "oauth_client": [
        {
          "client_id": "475884812831-299js8jqelduiq0lesvd7jfnkdhfh73k.apps.googleusercontent.com",
          "client_type": 1,
          "android_info": {
            "package_name": "com.example.datingapp",
            "certificate_hash": "98746a46d08bedfffde00bdfba7bbfea99723920"
          }
        },
        {
          "client_id": "475884812831-35r9lappus5nkl78ucdeopfigrng4qgq.apps.googleusercontent.com",
          "client_type": 3
        }
      ],
      "api_key": [
        {
          "current_key": "AIzaSyBWWgu7I5UYQSBdcpMKPhODwx8GFml7dg4"
        }
      ],
      "services": {
        "appinvite_service": {
          "other_platform_oauth_client": [
            {
              "client_id": "475884812831-35r9lappus5nkl78ucdeopfigrng4qgq.apps.googleusercontent.com",
              "client_type": 3
            }
          ]
        }
      }
    }
  ],
  "configuration_version": "1"
}